Ordination,Stress
Aboveground,0.17120376842276544
Belowground,0.16724555971633817
