"","npar","AIC","BIC","logLik","-2*log(L)","Chisq","Df","Pr(>Chisq)"
"site_gap_null_model",14,-6334.88850858492,-6237.77665171921,3181.44425429246,-6362.88850858492,NA,NA,NA
"site_gap_interaction_model",20,-6353.2497535452,-6214.51852945133,3196.6248767726,-6393.2497535452,30.3612449602842,6,3.35548668086838e-05
