Display_Location,Site_Status,X,Y
Location 1,Included in this study,-9055866.513364227,3147313.479945018
Location 2,Included in this study,-9056584.24469562,3139912.4059439697
Location 3,Included in this study,-9058084.996240372,3148116.88336765
Location 4,Included in this study,-9055644.768645877,3147813.947430428
Location 5,Included in this study,-9058484.076410178,3139961.0781780644
Location 6,Additional population,-9059469.778183969,3140816.1200357648
Location 7,Additional population,-9057387.56652575,3146999.4629612938
Location 8,Additional population,-9055323.067034032,3147001.528789095
