"","npar","AIC","BIC","logLik","-2*log(L)","Chisq","Df","Pr(>Chisq)"
"site_gap_null_model",14,-3357.71708981107,-3268.2342702529,1692.85854490554,-3385.71708981107,NA,NA,NA
"site_gap_interaction_model",20,-3370.08731056705,-3242.25471119823,1705.04365528353,-3410.08731056705,24.3702207559813,6,0.000446377533314262
